,CedulaDeIdentidad,SemestreAcademicoarenovar,AnoAcademicoarenovar,DiadeNacimiento,MesdeNacimiento,AnodeNacimiento,EstadoCivil,Sexo,Escuela,AnodeIngresoalaUCV,ModalidaddeIngresoalaUCV,Semestrequecursa,HacambiadousteddedireccionyMotivo,Numerodemateriaaprobadasenelsemestreoanoanterior,Numerodemateriasretiradasenelsemestreoanoanterior,Numerodemateriasreprobadasenelsemestreoanoanterior,Promedioponderadoaprobado,Eficiencia,Sireprobounaomasmateriasindiqueelmotivo,Numerodemateriasinscritasenelsemestreencurso,SeencuentrarealizandotesisopasantiasdegradoyCantidad,Procedencia,LugardonderesidemientrasestudiaenlaUniversidad,Personasconlascualesustedvivemientrasestudiaenlauniversidad,Tipodeviviendadonderesidemientrasestudiaenlauniversidad,Encasodevivirenhabitacionalquiladaoresidenciaestudiantilindiqueelmontomensual,Direcciondondeseencuentraubicadalaresidenciaohabitacionalquilada,HasolicitadoalgunotrobeneficioalaUniversidaduotraInstitucionyMotivo,SeencuentraustedrealizandoalgunaactividadquelegenereingresosIndiqueActividad,Montomensualdelabeca,Aportemensualquelebrindasuresponsableeconomico,Aportemensualquerecibedefamiliaresoamigos,Ingresomensualquerecibeporactividadesadestajooporhoras,Gastosenalimentacionpersonal,Gastosentransportepersonal,Gastosmedicospersonal,Gastosodontologicospersonal,Gastospersonales,Gastosenresidenciaohabitacionalquiladapersonal,GastosenMaterialesdeestudiopersonal,Gastosenrecreacionpersonal,Otrosgastospersonal,Indiquequienessuresponsableeconomico,Cargafamiliar,Ingresomensualdesuresponsableeconomico,Otrosingresos,Gastosenviviendadesusresponsableseconomicos,Gastosenalimentaciondesusresponsableseconomicos,Gastosentransportedesusresponsableseconomicos,Gastosmedicosdesusresponsableseconomicos,Gastosodontologicosdesusresponsableseconomicos,Gastoseducativosdesusresponsableseconomicos,Gastosenserviciospublicosdeagualuztelefonoygasdesusresponsableseconomicos,Condominiodesusresponsableseconomicos,Otrosgastosdesusresponsableseconomicos,DeseamosconocerlaopiniondenuestrosusuariosparamejorarlacalidaddelosserviciosofrecidosporelDptodeTrabajoSocialOBE,Sugerenciasyrecomendacionesparamejorarnuestraatencion
0,1,1,2015,18,6,1951,2,0,1,2007,0,5,0,2,0,1,10.93,0.49,13,1,0,0,0,0,0,1500.0,22,0,0,1500.0,0.0,0.0,0.0,1000.0,500.0,800.0,0.0,1500.0,1500.0,400.0,0.0,500.0,0,8,0.0,0.0,0.0,0.0,0.0,0.0,0.0,0.0,0.0,0.0,0.0,5,3
1,2,2,2015,3,1,1977,1,0,1,2006,1,6,0,10,1,0,11.31,0.67,0,2,0,1,1,1,1,0.0,0,0,0,1500.0,500.0,0.0,0.0,4000.0,1500.0,0.0,1500.0,1000.0,120.0,600.0,0.0,2000.0,1,4,6000.0,1000.0,120.0,4000.0,1500.0,1000.0,1000.0,0.0,500.0,430.0,500.0,5,162
2,3,2,2014,14,3,1979,0,0,1,2006,1,5,0,1,1,0,11.4,0.65,2,2,0,1,1,2,2,0.0,35,0,1,200.0,0.0,2000.0,3000.0,3000.0,2000.0,0.0,0.0,1000.0,0.0,500.0,0.0,200.0,2,2,0.0,0.0,600.0,0.0,0.0,0.0,0.0,1000.0,300.0,0.0,0.0,4,125
3,4,2,2015,4,8,1982,0,0,1,2010,2,3,0,2,2,0,6.98,0.47,7,3,0,2,2,3,2,0.0,4,0,0,1500.0,500.0,0.0,0.0,600.0,500.0,300.0,0.0,400.0,0.0,200.0,0.0,0.0,3,4,4500.0,3000.0,0.0,4000.0,2000.0,1000.0,0.0,1500.0,500.0,0.0,0.0,1,23
4,5,2,2015,25,11,1982,0,0,1,2011,1,6,0,3,0,0,12.52,0.83,0,2,0,0,0,4,2,0.0,0,0,0,1500.0,1200.0,1000.0,0.0,500.0,400.0,0.0,0.0,1000.0,0.0,500.0,0.0,800.0,4,4,744482.0,6000.0,0.0,7000.0,2000.0,0.0,0.0,0.0,800.0,0.0,444482.0,4,175
5,6,1,2015,20,7,1986,0,0,0,2008,1,9,0,2,0,0,14.49,1.0,0,2,1,2,2,5,1,0.0,0,0,0,1500.0,1000.0,0.0,0.0,1000.0,200.0,200.0,0.0,500.0,0.0,2000.0,0.0,100.0,5,4,12551.0,2000.0,0.0,10000.0,2000.0,9000.0,0.0,1000.0,500.0,0.0,1500.0,5,8
6,7,2,2015,27,9,1986,0,0,1,2007,1,4,0,1,0,1,0.6,0.6,14,2,0,2,2,4,1,0.0,0,0,0,1500.0,500.0,500.0,0.0,500.0,500.0,1000.0,0.0,0.0,0.0,2000.0,0.0,500.0,3,3,2500.0,0.0,0.0,4500.0,1000.0,3000.0,4000.0,10000.0,2000.0,400.0,400.0,5,120
7,8,2,2014,27,2,1989,0,0,0,2008,1,8,0,1,3,0,12.74,0.9,0,3,0,0,0,6,2,0.0,0,0,0,1500.0,2000.0,1000.0,0.0,2000.0,500.0,500.0,0.0,500.0,0.0,1000.0,0.0,0.0,3,2,8000.0,2000.0,1500.0,3000.0,1000.0,1000.0,0.0,2000.0,1000.0,0.0,500.0,5,34
8,9,1,2015,7,7,1989,0,0,0,2008,3,9,0,2,0,0,12.73,0.91,0,2,1,2,2,5,2,0.0,0,0,0,1500.0,400.0,0.0,0.0,100.0,100.0,200.0,0.0,500.0,0.0,1000.0,0.0,100.0,3,5,3500.0,1000.0,0.0,2000.0,300.0,1000.0,200.0,0.0,700.0,0.0,350.0,5,43
9,10,1,2015,10,12,1987,0,1,0,2005,1,9,0,5,0,0,11.96,0.64,0,2,1,0,0,7,1,0.0,0,0,0,1500.0,1000.0,0.0,0.0,2700.0,1000.0,500.0,500.0,100.0,0.0,500.0,500.0,700.0,5,2,19000.0,0.0,0.0,8000.0,3000.0,3000.0,2000.0,5000.0,2000.0,1500.0,4000.0,4,168
10,11,1,2015,19,11,1988,0,0,1,2012,1,5,0,4,0,0,13.62,1.0,0,3,0,2,2,5,1,0.0,0,0,0,1500.0,1000.0,0.0,0.0,500.0,400.0,0.0,0.0,200.0,0.0,800.0,0.0,600.0,5,3,7028.0,5622.0,0.0,6000.0,1000.0,0.0,0.0,2000.0,600.0,2000.0,1000.0,5,38
11,12,1,2015,4,7,1988,0,0,0,2007,1,7,1,2,0,2,12.14,0.57,5,4,0,3,3,5,2,0.0,0,0,0,1800.0,800.0,0.0,0.0,3000.0,3240.0,2500.0,1000.0,1000.0,0.0,2500.0,1000.0,500.0,3,4,15186.0,0.0,0.0,6000.0,12960.0,12000.0,4500.0,0.0,1500.0,0.0,3000.0,5,68
12,13,1,2015,1,5,1989,0,0,0,2007,1,8,0,0,0,2,12.49,0.64,30,2,0,4,4,5,1,0.0,0,0,0,1500.0,3000.0,2000.0,0.0,2500.0,500.0,800.0,0.0,400.0,0.0,2000.0,0.0,300.0,3,2,7000.0,5000.0,0.0,5000.0,2000.0,0.0,0.0,0.0,1500.0,2000.0,1500.0,5,49
13,14,1,2015,14,8,1988,0,0,0,2007,3,10,0,2,0,0,13.92,0.93,0,2,1,5,0,8,3,3000.0,6,13,2,1500.0,3000.0,1000.0,800.0,1000.0,100.0,200.0,900.0,200.0,3000.0,600.0,100.0,200.0,3,2,10257.0,9500.0,0.0,10000.0,1000.0,2000.0,1200.0,0.0,1500.0,0.0,4000.0,5,27
14,15,1,2015,25,1,1990,0,0,0,2008,3,10,0,0,0,0,13.1,0.82,0,1,1,6,6,5,9,0.0,0,0,0,1500.0,500.0,0.0,0.0,500.0,200.0,200.0,0.0,500.0,0.0,500.0,50.0,50.0,5,5,5622.0,0.0,0.0,3500.0,500.0,500.0,0.0,0.0,1000.0,0.0,122.0,5,138
15,16,2,2014,26,12,1989,0,1,0,2007,1,9,0,3,0,0,12.53,0.89,0,1,1,2,2,4,1,0.0,0,0,0,1500.0,0.0,0.0,0.0,500.0,200.0,0.0,0.0,0.0,0.0,300.0,200.0,300.0,3,1,3800.0,0.0,0.0,3800.0,200.0,0.0,0.0,0.0,0.0,0.0,300.0,3,121
16,17,1,2015,28,3,1990,0,1,0,2007,1,10,0,1,0,0,13.28,0.96,0,1,1,2,2,5,2,0.0,0,0,0,1500.0,800.0,200.0,0.0,1000.0,1000.0,1500.0,1500.0,600.0,0.0,500.0,600.0,800.0,5,3,8500.0,2000.0,0.0,6500.0,2000.0,2000.0,1500.0,2500.0,800.0,0.0,1500.0,5,184
17,18,2,2014,5,2,1988,0,1,0,2006,1,8,0,2,0,1,11.98,0.62,14,3,0,7,7,7,5,3000.0,0,0,0,1500.0,0.0,0.0,0.0,3000.0,0.0,0.0,0.0,0.0,0.0,1500.0,0.0,0.0,5,4,5600.0,0.0,0.0,5000.0,500.0,0.0,0.0,0.0,0.0,0.0,0.0,5,7
18,19,1,2015,27,4,1990,0,1,0,2008,1,10,0,2,0,0,13.18,0.9,0,2,1,2,2,5,0,0.0,0,0,0,1500.0,500.0,200.0,200.0,300.0,200.0,500.0,0.0,1000.0,0.0,1000.0,200.0,200.0,6,3,9600.0,0.0,0.0,5000.0,1000.0,1000.0,0.0,500.0,500.0,0.0,2000.0,5,132
19,20,1,2015,22,4,1985,0,0,0,2007,1,9,0,1,0,0,13.67,0.89,0,2,1,2,2,7,1,0.0,0,0,0,1500.0,7000.0,0.0,0.0,3000.0,400.0,1500.0,0.0,0.0,0.0,2000.0,0.0,500.0,5,3,11000.0,10000.0,0.0,10000.0,2000.0,3000.0,0.0,3000.0,3000.0,1500.0,0.0,5,35
20,21,2,2014,26,12,1990,0,0,0,2008,3,9,0,3,0,0,13.02,0.83,0,2,1,2,2,5,2,0.0,0,0,0,1500.0,1000.0,0.0,0.0,2000.0,500.0,500.0,0.0,500.0,0.0,1500.0,500.0,200.0,3,5,13682.0,5000.0,0.0,8000.0,2500.0,1000.0,0.0,3000.0,700.0,0.0,1500.0,5,40
21,22,1,2015,12,9,1989,1,0,0,2006,1,9,0,1,0,0,12.16,0.78,0,1,1,2,2,9,2,0.0,0,0,0,1500.0,500.0,0.0,0.0,800.0,500.0,500.0,0.0,800.0,0.0,500.0,300.0,200.0,7,4,6000.0,0.0,0.0,3000.0,1200.0,2000.0,0.0,3000.0,1000.0,0.0,1000.0,5,114
22,23,2,2014,15,9,1990,0,0,0,2008,3,10,0,1,0,0,15.28,1.0,0,1,2,6,6,5,2,0.0,0,0,0,1500.0,3000.0,500.0,0.0,1000.0,700.0,0.0,0.0,1300.0,0.0,1200.0,700.0,150.0,6,2,16996.77,3000.0,0.0,12500.0,2000.0,0.0,700.0,0.0,600.0,0.0,1200.0,5,180
23,24,1,2015,10,9,1991,0,0,0,2010,3,8,0,5,0,0,14.84,1.0,0,4,0,2,2,3,1,0.0,0,0,0,1500.0,800.0,0.0,0.0,8000.0,300.0,800.0,0.0,1200.0,0.0,600.0,0.0,10900.0,6,3,12445.48,3000.0,0.0,10000.0,600.0,0.0,0.0,0.0,2000.0,500.0,2000.0,5,117
24,25,1,2015,17,12,1990,0,0,0,2009,1,10,0,2,0,0,15.9,1.0,0,2,1,1,1,3,1,0.0,0,0,0,1000.0,2000.0,0.0,0.0,1000.0,0.0,500.0,0.0,1000.0,0.0,250.0,1000.0,500.0,3,2,10000.0,0.0,1500.0,5000.0,500.0,500.0,0.0,0.0,1000.0,1000.0,2000.0,4,139
25,26,2,2014,18,3,1989,3,0,0,2006,3,5,2,0,2,0,12.95,0.64,0,1,0,5,5,1,6,0.0,0,0,0,1500.0,2000.0,0.0,0.0,0.0,400.0,0.0,1000.0,0.0,0.0,1000.0,0.0,300.0,7,2,8000.0,0.0,0.0,6000.0,400.0,1000.0,1000.0,0.0,0.0,0.0,1000.0,5,66
26,27,2,2014,3,10,1990,0,1,0,2008,1,8,0,3,0,1,13.2,0.77,19,4,0,5,5,4,2,0.0,0,0,0,1500.0,1000.0,200.0,0.0,2000.0,150.0,0.0,0.0,200.0,0.0,350.0,0.0,0.0,8,5,7500.0,0.0,0.0,5000.0,800.0,400.0,0.0,0.0,300.0,0.0,1000.0,5,141
27,28,2,2014,16,5,1991,0,1,0,2010,1,8,0,4,0,0,11.55,0.9,0,4,0,5,5,4,2,0.0,0,0,0,1500.0,1200.0,0.0,0.0,300.0,450.0,250.0,0.0,500.0,0.0,700.0,200.0,250.0,4,3,5622.0,0.0,0.0,3000.0,2000.0,300.0,0.0,200.0,100.0,0.0,0.0,5,45
28,29,1,2015,26,6,1991,0,0,0,2009,3,6,0,4,0,1,12.9,0.8,26,4,0,2,2,5,2,0.0,0,0,0,1500.0,1500.0,0.0,0.0,0.0,600.0,0.0,650.0,0.0,0.0,3000.0,0.0,0.0,3,2,7000.0,0.0,0.0,4000.0,2000.0,0.0,0.0,1000.0,0.0,0.0,0.0,5,145
29,30,1,2015,29,1,1990,0,1,0,2010,1,6,0,3,0,0,12.54,0.83,0,4,0,2,2,3,1,0.0,0,0,0,1500.0,500.0,1000.0,0.0,2000.0,500.0,0.0,0.0,600.0,0.0,600.0,0.0,200.0,3,3,6700.0,0.0,0.0,10000.0,2000.0,0.0,0.0,0.0,0.0,0.0,0.0,5,84
30,31,1,2015,18,9,1990,0,0,0,2009,3,9,0,4,0,0,14.18,0.1,0,2,1,5,5,5,2,0.0,0,0,0,1500.0,3000.0,2500.0,0.0,2000.0,350.0,500.0,500.0,750.0,0.0,1500.0,1000.0,200.0,5,4,8788.0,8000.0,200.0,7000.0,2000.0,2500.0,1000.0,0.0,1000.0,0.0,1500.0,5,39
31,32,1,2015,5,11,1989,0,0,0,2008,1,7,0,3,0,1,13.22,0.79,12,4,0,8,8,5,7,0.0,0,0,0,1500.0,1000.0,0.0,0.0,0.0,850.0,0.0,0.0,500.0,0.0,1500.0,0.0,150.0,5,4,6529.0,5000.0,0.0,10000.0,1700.0,2000.0,0.0,0.0,0.0,0.0,500.0,4,21
32,33,2,2015,18,2,1991,0,0,1,2010,1,4,0,4,0,0,11.92,0.59,0,3,3,0,0,3,1,4300.0,42,0,0,1500.0,1500.0,0.0,0.0,700.0,1000.0,200.0,0.0,300.0,0.0,500.0,0.0,300.0,3,3,24905.01,0.0,4300.0,9000.0,1500.0,3000.0,0.0,2500.0,1000.0,2600.0,1500.0,5,118
33,34,2,2014,24,11,1989,0,0,1,2011,1,7,0,2,0,0,14.09,0.98,0,2,0,9,9,4,1,0.0,15,0,0,1500.0,500.0,0.0,0.0,0.0,300.0,0.0,300.0,500.0,0.0,1000.0,200.0,0.0,4,1,8096.0,0.0,1000.0,3000.0,300.0,500.0,0.0,1500.0,300.0,300.0,500.0,5,93
34,35,1,2015,22,6,1990,0,0,0,2010,1,7,0,5,1,1,11.94,0.8,3,6,0,5,5,3,8,0.0,0,0,0,1500.0,3000.0,0.0,0.0,2400.0,600.0,0.0,0.0,0.0,0.0,500.0,0.0,1600.0,3,4,14000.0,0.0,0.0,8000.0,2200.0,0.0,0.0,0.0,600.0,0.0,2000.0,3,164
35,36,1,2015,9,4,1990,0,0,0,2008,3,10,0,2,0,0,14.87,0.97,0,2,1,2,2,3,9,0.0,0,0,0,1500.0,1600.0,0.0,0.0,400.0,600.0,300.0,0.0,400.0,0.0,450.0,800.0,120.0,3,1,10000.0,0.0,4000.0,4000.0,900.0,700.0,0.0,0.0,150.0,0.0,180.0,4,69
36,37,2,2014,6,9,1989,0,1,0,2008,1,10,0,2,0,0,14.44,1.0,0,2,1,6,6,3,1,0.0,0,0,0,1500.0,4000.0,0.0,0.0,3000.0,1840.0,0.0,0.0,3000.0,0.0,500.0,2000.0,1500.0,3,5,23152.74,0.0,0.0,10000.0,9640.0,0.0,5000.0,0.0,600.0,500.0,700.0,4,18
37,38,2,2014,28,6,1991,0,0,0,2008,3,10,0,2,0,0,14.19,1.0,0,2,1,2,2,3,1,0.0,0,0,0,1500.0,3000.0,235.0,0.0,2000.0,2000.0,3000.0,2000.0,2000.0,0.0,2500.0,2000.0,1200.0,3,1,906684.0,0.0,0.0,5000.0,2000.0,3000.0,0.0,0.0,2000.0,0.0,3500.0,4,173
38,39,2,2014,22,3,1991,0,0,1,2010,1,6,2,2,0,0,13.27,0.95,0,2,0,2,2,10,2,0.0,39,0,0,1500.0,4000.0,0.0,0.0,2000.0,100.0,0.0,1000.0,500.0,0.0,500.0,500.0,200.0,5,5,15000.0,0.0,0.0,6000.0,0.0,0.0,0.0,0.0,500.0,0.0,500.0,5,146
39,40,1,2015,21,9,1990,0,0,0,2008,1,10,0,2,0,0,14.56,1.0,0,2,2,1,1,3,1,0.0,0,0,0,1500.0,1500.0,0.0,0.0,0.0,1500.0,0.0,0.0,0.0,0.0,500.0,0.0,0.0,3,1,5622.48,5622.48,0.0,5000.0,2000.0,0.0,0.0,0.0,0.0,500.0,1000.0,5,98
40,41,2,2014,19,10,1991,0,0,0,2010,1,8,0,5,0,0,14.34,0.1,0,4,0,2,2,3,1,0.0,0,0,0,1500.0,1000.0,0.0,0.0,200.0,0.0,0.0,0.0,0.0,0.0,1000.0,0.0,300.0,3,3,9000.0,0.0,600.0,5000.0,1000.0,0.0,0.0,500.0,300.0,600.0,1000.0,5,133
41,42,2,2014,23,11,1990,0,0,0,2008,1,8,0,5,0,0,13.65,0.97,0,5,0,0,0,5,1,0.0,0,0,0,1500.0,1000.0,200.0,0.0,400.0,100.0,0.0,0.0,600.0,0.0,1400.0,100.0,100.0,5,5,7500.0,0.0,0.0,4500.0,300.0,0.0,0.0,1300.0,600.0,600.0,300.0,4,179
42,43,2,2014,18,5,1992,0,0,0,2011,1,7,0,4,0,0,13.6,1.0,0,4,0,2,2,11,0,0.0,11,0,0,1500.0,500.0,0.0,0.0,300.0,0.0,200.0,0.0,200.0,0.0,1000.0,0.0,300.0,5,4,10000.0,5000.0,0.0,8000.0,200.0,500.0,0.0,0.0,1000.0,0.0,1800.0,5,99
43,44,2,2014,18,5,1992,0,0,0,2011,1,7,0,4,0,0,13.6,1.0,0,4,0,2,2,5,0,0.0,10,0,0,1500.0,500.0,0.0,0.0,300.0,0.0,200.0,0.0,200.0,0.0,1000.0,0.0,300.0,5,4,10000.0,5000.0,0.0,8000.0,200.0,500.0,0.0,0.0,1000.0,0.0,1800.0,5,100
44,45,1,2014,18,5,1992,0,0,0,2010,1,7,0,4,0,0,13.67,1.0,0,4,0,2,2,11,0,0.0,9,1,0,1500.0,500.0,0.0,0.0,300.0,0.0,200.0,0.0,200.0,0.0,1000.0,0.0,300.0,5,4,10000.0,5000.0,0.0,8000.0,200.0,500.0,0.0,0.0,1000.0,0.0,1800.0,5,73
45,46,2,2014,21,4,1990,0,1,0,2011,3,7,0,2,0,2,14.2,0.92,27,5,0,0,0,3,1,0.0,0,0,0,1950.0,600.0,0.0,0.0,1000.0,1000.0,0.0,0.0,1500.0,0.0,2000.0,1500.0,300.0,3,2,7000.0,0.0,2000.0,5000.0,2000.0,0.0,0.0,0.0,500.0,0.0,1000.0,5,71
46,47,2,2014,24,1,1991,0,1,0,2008,3,10,0,1,0,0,16.71,1.0,0,1,1,6,6,5,6,0.0,0,0,0,1500.0,2000.0,0.0,0.0,500.0,1000.0,0.0,0.0,0.0,0.0,2000.0,0.0,0.0,5,5,16000.0,0.0,0.0,7000.0,1000.0,4000.0,1000.0,2000.0,1000.0,0.0,0.0,5,78
47,48,1,2015,8,9,1990,0,0,0,2008,1,2,0,3,0,0,14.0,0.39,0,4,0,5,5,5,6,0.0,0,2,0,1500.0,1000.0,500.0,0.0,400.0,400.0,2000.0,0.0,1000.0,0.0,1000.0,800.0,500.0,5,4,1703645.0,2000.0,0.0,2500.0,700.0,2500.0,0.0,6000.0,500.0,0.0,580.0,4,97
48,49,2,2015,27,5,1988,0,1,1,2009,1,5,0,2,0,0,11.17,0.61,0,3,3,5,5,3,2,0.0,0,0,0,1500.0,2800.0,0.0,0.0,0.0,0.0,0.0,0.0,0.0,0.0,1800.0,0.0,0.0,3,2,7000.0,0.0,1800.0,2000.0,2800.0,0.0,0.0,0.0,0.0,0.0,0.0,4,181
49,50,2,2014,24,8,1992,0,0,0,2010,1,8,0,3,1,1,13.5,0.95,11,4,0,1,1,5,6,0.0,0,0,0,1500.0,2000.0,0.0,0.0,2000.0,600.0,1000.0,0.0,2000.0,0.0,2000.0,2000.0,0.0,3,4,17200.0,0.0,800.0,8000.0,2000.0,2000.0,2000.0,0.0,800.0,1900.0,2000.0,5,151
50,51,2,2014,11,1,1991,0,0,1,2010,1,7,0,2,0,0,12.56,0.98,6,2,0,2,2,5,2,0.0,0,0,0,1500.0,600.0,500.0,0.0,400.0,560.0,300.0,0.0,1000.0,0.0,300.0,0.0,0.0,5,5,40000.0,0.0,0.0,20000.0,1680.0,10000.0,0.0,0.0,800.0,0.0,5000.0,5,63
51,52,2,2014,26,7,1991,0,0,0,2009,1,7,0,4,0,1,12.61,0.76,16,4,0,2,2,3,2,0.0,0,0,0,1500.0,1400.0,500.0,200.0,400.0,2300.0,0.0,0.0,150.0,0.0,600.0,400.0,100.0,3,3,8500.0,4000.0,0.0,5500.0,3500.0,2000.0,0.0,0.0,400.0,0.0,800.0,5,104
52,53,1,2015,22,2,1991,0,0,0,2008,1,10,0,2,0,0,13.68,0.97,0,2,1,2,2,5,1,0.0,23,0,0,1200.0,2000.0,2000.0,0.0,30000.0,2000.0,10000.0,0.0,1000.0,0.0,2000.0,1000.0,1500.0,9,3,22000.0,5000.0,0.0,30000.0,3000.0,0.0,0.0,4500.0,1500.0,350.0,0.0,5,128
53,54,1,2015,11,7,1992,0,1,0,2008,3,10,0,1,0,0,14.91,1.0,0,1,1,10,2,12,2,1500.0,16,0,0,1500.0,1500.0,2000.0,0.0,1000.0,250.0,0.0,0.0,750.0,1500.0,500.0,800.0,200.0,3,3,7977.0,15000.0,0.0,10000.0,500.0,500.0,0.0,3000.0,500.0,0.0,500.0,5,77
54,55,1,2015,18,4,1991,0,0,0,2008,3,9,3,4,0,0,13.65,1.0,0,2,1,1,1,13,1,0.0,0,0,0,1500.0,1500.0,0.0,0.0,600.0,1300.0,0.0,0.0,400.0,0.0,700.0,0.0,0.0,5,2,5622.0,0.0,0.0,2000.0,500.0,1500.0,0.0,0.0,60.0,0.0,0.0,5,88
55,56,2,2015,7,4,1990,0,0,1,2008,1,7,0,2,0,0,12.08,0.79,0,2,0,5,5,4,1,0.0,0,0,0,1500.0,700.0,0.0,0.0,500.0,200.0,200.0,0.0,600.0,0.0,150.0,0.0,200.0,3,2,5600.0,0.0,0.0,2500.0,1000.0,0.0,0.0,0.0,300.0,500.0,300.0,5,103
56,57,2,2014,12,12,1990,0,0,1,2011,1,6,0,3,0,0,12.07,0.92,0,2,3,2,2,5,1,0.0,0,0,0,1500.0,800.0,0.0,0.0,0.0,720.0,0.0,0.0,800.0,0.0,1000.0,500.0,0.0,3,2,5622.0,0.0,0.0,3000.0,720.0,0.0,0.0,0.0,400.0,3000.0,2000.0,5,41
57,58,1,2015,11,10,1990,0,0,0,2010,1,7,0,2,0,2,12.66,0.82,8,4,0,2,2,5,1,0.0,0,0,0,1500.0,2000.0,0.0,0.0,2500.0,400.0,1000.0,0.0,3000.0,0.0,2000.0,0.0,500.0,3,3,15000.0,15000.0,0.0,12000.0,2000.0,2000.0,0.0,3500.0,700.0,2200.0,1200.0,4,111
58,59,2,2014,25,7,1990,0,0,0,2008,2,9,2,1,0,0,13.17,0.9,0,2,1,6,6,5,1,0.0,0,0,0,1500.0,500.0,100.0,0.0,100.0,700.0,0.0,0.0,200.0,0.0,500.0,500.0,200.0,6,3,15000.0,0.0,0.0,10000.0,1000.0,5000.0,3000.0,3000.0,1000.0,1000.0,2000.0,4,122
59,60,1,2015,8,9,1992,0,0,0,2009,3,9,0,4,0,0,16.3,1.0,0,2,1,1,1,3,0,0.0,0,0,0,1500.0,2500.0,500.0,0.0,800.0,800.0,0.0,500.0,1000.0,0.0,1000.0,400.0,0.0,3,2,8000.0,2000.0,0.0,5000.0,500.0,500.0,0.0,0.0,800.0,300.0,400.0,5,185
60,61,1,2015,21,3,1991,0,0,0,2008,1,10,0,1,0,0,14.87,1.0,0,1,1,2,2,14,1,0.0,0,0,0,1500.0,1000.0,0.0,0.0,800.0,60.0,100.0,0.0,300.0,0.0,500.0,400.0,500.0,3,2,14827.0,6000.0,0.0,12000.0,1660.0,4000.0,2000.0,1150.0,1330.0,2000.0,1800.0,4,76
61,62,1,2015,20,9,1991,0,0,0,2010,1,6,0,2,0,1,12.49,0.77,32,5,0,0,0,3,1,0.0,0,0,0,1500.0,700.0,500.0,0.0,2000.0,600.0,800.0,2000.0,1500.0,0.0,2500.0,500.0,400.0,3,1,12500.0,0.0,0.0,3500.0,200.0,900.0,700.0,0.0,800.0,2000.0,1000.0,5,174
62,63,2,2014,20,7,1992,0,0,1,2010,1,7,0,2,0,0,12.7,0.93,0,2,0,4,4,3,6,0.0,0,0,0,1500.0,1000.0,0.0,0.0,1200.0,760.0,0.0,0.0,140.0,0.0,400.0,0.0,0.0,3,4,6850.0,0.0,0.0,4000.0,600.0,325.0,0.0,0.0,490.0,0.0,1435.0,5,155
63,64,1,2015,23,8,1989,0,0,0,2008,1,7,0,2,0,3,11.45,0.62,23,5,0,11,11,5,1,0.0,0,0,0,1500.0,500.0,0.0,0.0,300.0,300.0,0.0,0.0,300.0,0.0,1000.0,0.0,100.0,6,2,9000.0,7000.0,6000.0,5000.0,0.0,2000.0,0.0,0.0,2000.0,0.0,1000.0,5,4
64,65,1,2015,4,5,1992,0,0,0,2008,3,10,0,1,0,0,14.46,0.97,0,1,1,2,2,10,3,2700.0,38,0,0,1500.0,4000.0,1000.0,0.0,2000.0,1000.0,0.0,0.0,0.0,2700.0,2000.0,0.0,0.0,4,2,11000.0,0.0,2700.0,5000.0,3000.0,0.0,2000.0,4000.0,100.0,0.0,0.0,3,158
65,66,1,2015,18,12,1990,0,0,0,2010,1,5,0,3,1,1,12.99,0.75,4,4,0,2,2,5,1,0.0,13,0,0,1500.0,600.0,0.0,0.0,400.0,550.0,0.0,0.0,200.0,0.0,900.0,0.0,0.0,5,4,14000.0,8000.0,0.0,9000.0,5000.0,2000.0,0.0,0.0,1600.0,800.0,1500.0,4,30
66,67,1,2015,21,9,1991,0,0,0,2008,3,8,0,3,0,0,12.75,0.85,0,2,0,12,2,10,0,1900.0,26,0,0,1500.0,3000.0,0.0,0.0,1700.0,100.0,0.0,0.0,300.0,1900.0,500.0,0.0,0.0,3,3,9000.0,0.0,0.0,5000.0,500.0,0.0,0.0,0.0,0.0,0.0,0.0,5,24
67,68,2,2014,26,10,1991,0,1,0,2009,3,8,0,5,0,0,12.98,0.9,0,4,0,13,2,2,1,0.0,0,0,0,1500.0,4500.0,0.0,0.0,1500.0,500.0,800.0,300.0,600.0,0.0,1000.0,800.0,500.0,3,3,9800.0,6000.0,0.0,4000.0,1000.0,3000.0,2000.0,1000.0,800.0,1500.0,2500.0,5,9
68,69,2,2014,23,8,1991,0,0,0,2008,3,9,0,4,0,0,13.49,0.95,0,2,1,2,2,3,1,0.0,0,0,0,1500.0,3000.0,0.0,0.0,2000.0,300.0,200.0,0.0,500.0,0.0,1000.0,300.0,200.0,3,3,5622.0,4000.0,0.0,5000.0,100.0,900.0,0.0,0.0,600.0,1000.0,0.0,4,64
69,70,2,2015,30,5,1993,0,0,1,2011,1,5,0,2,0,1,12.22,0.91,9,2,0,6,6,15,6,0.0,0,0,0,1500.0,1400.0,2000.0,0.0,0.0,2420.0,2000.0,1500.0,2500.0,0.0,2000.0,0.0,1000.0,3,3,10900.0,4000.0,6000.0,5000.0,7664.0,4000.0,2000.0,2350.0,380.0,300.0,700.0,4,14
70,71,1,2015,1,11,1991,0,0,0,2009,1,10,0,1,0,0,14.81,1.0,0,1,1,0,0,5,1,0.0,0,0,0,1500.0,2500.0,0.0,0.0,1200.0,300.0,0.0,0.0,1000.0,0.0,1500.0,0.0,0.0,5,3,6761.0,0.0,0.0,3000.0,900.0,0.0,0.0,0.0,0.0,0.0,0.0,5,48
71,72,1,2015,28,6,1993,0,0,0,2009,3,9,0,4,0,0,14.31,0.97,0,2,1,14,2,2,1,0.0,21,0,0,1500.0,2000.0,1000.0,0.0,1500.0,200.0,1000.0,0.0,1000.0,0.0,800.0,0.0,0.0,5,4,10323.0,0.0,0.0,6123.0,200.0,1000.0,1000.0,1000.0,500.0,0.0,500.0,5,44
72,73,1,2015,19,10,1991,0,1,0,2011,1,8,0,4,0,0,13.0,1.0,0,4,0,1,1,3,1,0.0,0,0,0,1500.0,1500.0,0.0,0.0,1000.0,1000.0,1000.0,0.0,1000.0,0.0,1000.0,500.0,500.0,3,2,30000.0,0.0,0.0,15000.0,5000.0,2000.0,0.0,1500.0,3000.0,1000.0,2000.0,5,25
73,74,2,2015,12,7,1993,0,0,1,2011,1,8,0,2,10,3,14.13,1.0,0,3,0,0,0,16,3,4000.0,33,0,0,1500.0,3500.0,1500.0,0.0,1500.0,300.0,0.0,0.0,500.0,4000.0,200.0,0.0,0.0,5,2,7000.0,2000.0,0.0,2000.0,500.0,2000.0,0.0,0.0,1000.0,800.0,1000.0,4,149
74,75,2,2015,13,4,1993,0,0,0,2011,3,7,0,5,0,0,15.56,1.0,0,5,0,7,4,2,3,3000.0,32,0,0,1500.0,6000.0,0.0,0.0,2000.0,300.0,200.0,0.0,400.0,3000.0,500.0,0.0,200.0,5,5,10000.0,5000.0,0.0,7000.0,400.0,1000.0,0.0,200.0,1500.0,500.0,2000.0,5,83
75,76,2,2014,20,7,1991,0,0,0,2013,1,3,0,5,0,0,15.39,1.0,0,6,0,2,2,5,1,0.0,0,0,0,1500.0,2500.0,0.0,0.0,4000.0,400.0,700.0,600.0,700.0,0.0,700.0,500.0,260.0,5,4,37318.75,0.0,0.0,20000.0,1300.0,3000.0,600.0,5400.0,700.0,1900.0,10000.0,5,177
76,77,1,2015,8,7,1994,0,0,0,2012,1,4,0,5,1,0,14.96,1.0,0,5,0,2,2,5,1,0.0,0,0,0,1500.0,1500.0,0.0,0.0,700.0,500.0,500.0,0.0,500.0,0.0,1000.0,500.0,0.0,3,4,9777.0,5000.0,0.0,5000.0,1500.0,2000.0,0.0,1500.0,3000.0,1000.0,1000.0,4,59
77,78,2,2014,3,4,1993,0,0,1,2014,2,3,0,5,0,0,16.83,1.0,0,5,0,9,9,3,3,4120.0,34,0,0,1500.0,1500.0,0.0,0.0,400.0,300.0,0.0,0.0,500.0,0.0,650.0,700.0,450.0,3,1,7500.0,0.0,4120.0,1000.0,100.0,900.0,0.0,0.0,400.0,0.0,300.0,4,129
78,79,1,2015,10,1,1992,0,0,0,2010,1,7,0,4,0,0,14.11,1.0,0,4,0,2,2,17,1,2000.0,7,0,0,1500.0,1000.0,0.0,0.0,0.0,0.0,0.0,0.0,0.0,0.0,4000.0,0.0,500.0,3,2,12000.0,0.0,2000.0,4000.0,2000.0,0.0,0.0,0.0,700.0,500.0,0.0,5,82
79,80,1,2015,8,10,1992,0,0,1,2014,1,3,0,5,0,0,11.83,1.0,0,5,0,2,2,5,1,0.0,0,0,0,1500.0,1000.0,0.0,0.0,500.0,400.0,0.0,0.0,250.0,0.0,800.0,0.0,600.0,5,3,7028.0,5622.0,0.0,6000.0,1000.0,0.0,0.0,2000.0,600.0,2000.0,1000.0,5,42
80,81,2,2014,13,9,1991,0,0,0,2010,1,7,0,4,0,0,13.2,0.98,0,6,0,2,2,5,1,0.0,3,0,0,1500.0,2000.0,1000.0,0.0,1000.0,1000.0,300.0,0.0,700.0,0.0,1000.0,0.0,500.0,6,2,10000.0,10000.0,0.0,13000.0,3000.0,1000.0,0.0,0.0,1000.0,200.0,1500.0,5,2
81,82,2,2014,13,8,1992,0,0,0,2011,1,7,0,4,0,0,14.59,1.0,0,5,0,2,2,32,1,0.0,0,3,0,1500.0,0.0,0.0,1000.0,500.0,0.0,0.0,0.0,500.0,0.0,1500.0,0.0,0.0,3,2,6050.0,0.0,1500.0,3200.0,500.0,0.0,0.0,0.0,800.0,0.0,0.0,4,115
82,83,1,2015,24,1,1992,0,0,0,2009,1,8,0,3,0,2,12.0,0.8,29,5,0,3,6,18,1,0.0,31,0,0,1000.0,1500.0,3000.0,1000.0,1500.0,300.0,300.0,0.0,1000.0,1000.0,3000.0,1000.0,2000.0,3,2,11550.0,7000.0,0.0,9000.0,1000.0,1000.0,0.0,3000.0,3000.0,600.0,2000.0,5,15
83,84,2,2014,29,10,1993,0,0,0,2011,3,6,0,5,0,0,13.67,0.97,0,4,0,15,2,4,2,0.0,0,4,0,1500.0,2000.0,0.0,0.0,1500.0,500.0,0.0,0.0,0.0,0.0,1000.0,0.0,500.0,5,2,5000.0,0.0,0.0,3000.0,500.0,500.0,0.0,0.0,300.0,0.0,700.0,5,172
84,85,2,2014,21,6,1993,0,1,0,2011,3,7,0,4,0,0,14.68,1.0,0,4,0,11,11,19,0,0.0,0,5,0,1500.0,1500.0,0.0,0.0,900.0,1600.0,0.0,0.0,0.0,0.0,500.0,0.0,0.0,3,3,5622.0,0.0,0.0,2500.0,1000.0,2000.0,0.0,0.0,122.0,0.0,0.0,4,11
85,86,2,2014,20,2,1992,0,1,0,2011,3,7,0,4,0,0,15.88,1.0,0,6,0,2,2,5,2,0.0,0,0,0,1500.0,800.0,0.0,0.0,500.0,150.0,0.0,0.0,600.0,0.0,1000.0,0.0,50.0,3,3,8000.0,0.0,1500.0,4000.0,500.0,2000.0,0.0,0.0,0.0,0.0,0.0,4,148
86,87,2,2015,7,6,1993,0,0,1,2010,1,7,0,2,0,0,12.9,0.9,0,2,0,2,2,3,1,0.0,0,0,0,1500.0,1000.0,0.0,0.0,500.0,800.0,0.0,0.0,0.0,0.0,500.0,200.0,500.0,3,5,5600.0,5000.0,0.0,5000.0,1200.0,600.0,0.0,1000.0,1000.0,800.0,1000.0,5,81
87,88,2,2014,3,4,1992,0,0,1,2009,1,5,2,2,0,0,11.6,0.76,0,2,0,5,5,20,2,0.0,0,6,0,1500.0,1000.0,0.0,0.0,500.0,1000.0,0.0,0.0,500.0,0.0,500.0,0.0,0.0,3,4,4480.0,2000.0,0.0,2000.0,1000.0,0.0,0.0,0.0,1000.0,600.0,1000.0,5,147
88,89,2,2014,18,4,1993,0,0,0,2012,1,5,0,4,0,0,17.22,1.0,0,7,0,9,9,3,2,0.0,0,0,0,1500.0,400.0,0.0,0.0,1500.0,400.0,300.0,0.0,1000.0,0.0,1000.0,500.0,500.0,3,2,7980.0,0.0,0.0,7000.0,1000.0,1500.0,0.0,0.0,400.0,0.0,800.0,5,160
89,90,1,2015,24,5,1991,0,0,0,2010,1,7,0,4,1,0,13.34,0.93,0,4,0,16,2,2,1,0.0,0,0,0,1500.0,500.0,500.0,0.0,1000.0,600.0,200.0,0.0,1000.0,0.0,2000.0,500.0,300.0,4,4,9100.0,0.0,0.0,4000.0,1000.0,0.0,0.0,1000.0,500.0,0.0,0.0,4,152
90,91,2,2015,21,11,1992,0,0,1,2010,1,6,0,3,0,0,11.16,0.69,0,1,0,1,1,3,1,0.0,0,0,0,1500.0,1000.0,0.0,0.0,0.0,1500.0,0.0,0.0,0.0,0.0,1000.0,0.0,0.0,3,4,5500.0,0.0,0.0,5000.0,500.0,0.0,0.0,0.0,0.0,0.0,0.0,4,123
91,92,1,2015,22,5,1993,0,0,0,2010,1,4,0,1,1,1,12.7,0.73,17,4,0,1,1,5,6,0.0,0,0,0,1500.0,1500.0,0.0,0.0,1200.0,700.0,300.0,0.0,300.0,0.0,300.0,0.0,200.0,3,5,10810.91,7500.0,400.0,5000.0,1400.0,2450.0,1000.0,3500.0,750.0,800.0,3000.0,5,182
92,93,2,2014,27,8,1993,0,0,1,2011,3,7,0,2,0,0,13.08,0.98,0,2,3,1,1,5,2,0.0,0,0,0,1500.0,900.0,0.0,0.0,700.0,500.0,0.0,0.0,100.0,0.0,1000.0,0.0,100.0,5,4,8000.0,0.0,800.0,4000.0,1500.0,0.0,0.0,650.0,250.0,400.0,300.0,4,113
93,94,2,2014,17,8,1993,0,0,0,2011,3,6,0,5,1,0,13.23,0.86,0,3,0,17,4,4,1,0.0,0,0,0,1500.0,1500.0,0.0,0.0,500.0,100.0,300.0,0.0,600.0,0.0,1300.0,200.0,0.0,5,3,6700.0,0.0,0.0,5000.0,1000.0,1500.0,0.0,2000.0,1000.0,0.0,700.0,3,58
94,95,2,2014,9,11,1992,0,0,0,2009,1,8,0,4,0,0,13.22,0.95,0,3,0,0,0,3,1,0.0,0,0,0,1500.0,3000.0,1000.0,0.0,2000.0,1500.0,1000.0,0.0,2500.0,0.0,2000.0,2500.0,355.0,5,2,10000.0,8000.0,0.0,12000.0,3000.0,0.0,0.0,2500.0,3500.0,2100.0,5000.0,5,105
95,96,1,2015,22,2,1991,0,0,0,2008,2,10,0,0,0,0,12.95,0.93,0,1,1,2,2,3,8,0.0,0,0,0,1500.0,600.0,600.0,0.0,1000.0,500.0,1000.0,1000.0,500.0,0.0,1500.0,1000.0,1000.0,3,4,5622.48,3000.0,0.0,3000.0,1500.0,1000.0,1000.0,500.0,500.0,0.0,500.0,4,22
96,97,2,2014,19,2,1994,0,0,0,2011,3,6,0,5,0,0,13.82,0.97,0,4,0,5,5,3,2,0.0,0,0,0,1500.0,1500.0,0.0,0.0,500.0,1000.0,0.0,0.0,300.0,0.0,1200.0,0.0,0.0,10,3,6750.0,0.0,0.0,3500.0,1500.0,0.0,0.0,1500.0,250.0,0.0,0.0,5,130
97,98,2,2015,9,11,1993,0,0,1,2011,1,6,0,3,0,0,12.17,0.98,0,1,0,2,2,5,2,0.0,0,0,0,1500.0,1000.0,500.0,0.0,600.0,400.0,300.0,800.0,300.0,0.0,500.0,200.0,200.0,5,4,7500.0,5000.0,0.0,6000.0,1000.0,2000.0,2000.0,100.0,400.0,500.0,500.0,5,137
98,99,2,2014,1,11,1990,0,0,0,2008,3,8,0,2,1,1,12.02,0.84,1,4,0,18,0,0,3,2500.0,43,0,0,1500.0,4000.0,500.0,0.0,2000.0,500.0,0.0,0.0,0.0,2500.0,700.0,0.0,300.0,3,4,15000.0,0.0,0.0,5000.0,500.0,2000.0,0.0,8000.0,1000.0,0.0,1000.0,5,161
99,100,2,2014,27,2,1992,0,0,1,2010,1,7,0,2,0,0,13.78,0.98,14,2,0,4,4,21,1,0.0,0,0,0,1500.0,1000.0,0.0,0.0,1400.0,760.0,0.0,0.0,0.0,0.0,150.0,60.0,130.0,3,2,6560.0,0.0,0.0,3000.0,460.0,800.0,0.0,0.0,800.0,0.0,1500.0,5,62
100,101,2,2014,21,11,1991,0,0,0,2008,3,6,0,5,1,1,12.71,0.79,4,4,0,19,19,3,8,0.0,0,0,0,1500.0,2000.0,700.0,0.0,500.0,3500.0,0.0,0.0,0.0,0.0,1000.0,0.0,0.0,3,3,12749.0,3000.0,0.0,6500.0,6700.0,2000.0,0.0,0.0,100.0,0.0,349.0,4,87
101,102,2,2014,22,11,1993,0,0,0,2011,2,7,0,4,0,0,13.81,0.96,0,5,0,0,0,5,0,0.0,0,0,0,1950.0,600.0,0.0,500.0,1000.0,100.0,0.0,0.0,1500.0,0.0,2000.0,1000.0,300.0,5,5,180000.0,0.0,0.0,10000.0,300.0,0.0,0.0,1300.0,4000.0,350.0,4000.0,5,75
102,103,2,2015,10,4,1993,0,0,1,2011,1,7,0,2,0,2,13.34,0.13,0,2,0,2,2,3,2,0.0,24,0,0,1500.0,1000.0,500.0,0.0,1000.0,200.0,0.0,1000.0,300.0,0.0,500.0,0.0,0.0,3,4,5000.0,0.0,0.0,2000.0,500.0,300.0,1000.0,1000.0,200.0,0.0,0.0,5,13
103,104,2,2015,10,4,1993,0,0,1,2011,1,7,0,2,0,2,13.34,0.13,0,2,0,2,2,3,2,0.0,24,0,0,1500.0,1000.0,500.0,0.0,1000.0,200.0,0.0,1000.0,300.0,0.0,500.0,0.0,0.0,3,4,5000.0,0.0,0.0,2000.0,500.0,300.0,1000.0,1000.0,200.0,0.0,0.0,5,13
104,105,2,2014,27,3,1992,0,0,0,2009,1,9,0,4,0,0,14.16,0.97,0,2,1,2,2,5,1,0.0,0,0,0,1500.0,1500.0,1000.0,2000.0,1200.0,200.0,500.0,400.0,1200.0,0.0,800.0,1800.0,500.0,5,3,10500.0,6000.0,0.0,5000.0,800.0,2500.0,600.0,4000.0,500.0,1200.0,1200.0,5,116
105,106,1,2015,6,4,1992,0,0,0,2010,3,7,0,4,0,1,13.97,0.92,22,4,0,20,1,2,2,0.0,0,0,0,1500.0,3000.0,0.0,0.0,1500.0,1000.0,0.0,0.0,500.0,0.0,600.0,500.0,400.0,3,3,16.0,4000.0,0.0,7000.0,2000.0,3000.0,0.0,0.0,2000.0,1000.0,5000.0,5,46
106,107,1,2015,31,5,1994,0,0,0,2012,1,2,0,1,1,2,12.13,0.66,21,3,0,2,2,3,1,0.0,0,0,0,1500.0,0.0,0.0,0.0,400.0,300.0,0.0,0.0,0.0,0.0,800.0,0.0,0.0,3,2,10630.0,0.0,0.0,7000.0,600.0,0.0,0.0,0.0,1000.0,1000.0,800.0,5,51
107,108,1,2015,26,3,1994,0,0,1,2012,1,6,0,3,0,0,12.38,1.0,0,2,1,5,2,4,2,0.0,0,0,0,1500.0,1000.0,300.0,0.0,200.0,300.0,0.0,0.0,400.0,0.0,200.0,0.0,200.0,5,3,10500.0,0.0,0.0,3000.0,2000.0,2500.0,0.0,0.0,1000.0,500.0,1500.0,5,102
108,109,1,2015,13,11,1991,0,1,0,2010,1,7,0,4,0,0,13.98,0.96,0,4,0,1,1,3,1,0.0,0,0,0,1500.0,1000.0,1000.0,0.0,1000.0,1000.0,0.0,0.0,0.0,0.0,1000.0,500.0,120.0,3,2,9668.2,0.0,500.0,1500.0,1000.0,0.0,0.0,2000.0,0.0,900.0,800.0,5,101
109,110,1,2015,9,7,1993,0,1,0,2011,1,7,0,5,0,0,15.69,0.1,0,4,0,1,1,3,6,0.0,0,0,0,1500.0,5000.0,0.0,0.0,2000.0,2500.0,0.0,0.0,500.0,0.0,1000.0,500.0,0.0,3,2,10000.0,12000.0,0.0,13000.0,4000.0,0.0,0.0,4000.0,1000.0,0.0,0.0,5,79
110,111,1,2015,1,1,1994,0,0,0,2011,1,6,0,4,0,0,16.91,1.0,0,5,0,1,2,4,1,0.0,18,0,0,1500.0,3500.0,0.0,0.0,2000.0,500.0,0.0,0.0,500.0,0.0,1500.0,500.0,0.0,3,2,12000.0,0.0,0.0,6000.0,1000.0,1500.0,0.0,1500.0,1500.0,500.0,0.0,5,70
111,112,1,2014,1,2,1993,0,0,0,2010,3,7,0,4,0,0,13.6,1.0,0,4,0,1,1,3,2,0.0,25,7,0,1500.0,4000.0,1000.0,500.0,2000.0,1000.0,500.0,500.0,1000.0,0.0,1000.0,1000.0,0.0,5,3,15000.0,2000.0,0.0,4000.0,2000.0,1000.0,0.0,2000.0,400.0,0.0,1000.0,5,142
112,113,2,2014,5,12,1992,0,1,0,2012,1,5,0,4,0,0,13.52,0.95,0,7,0,6,6,3,0,0.0,0,0,0,1500.0,1800.0,0.0,2000.0,1600.0,1400.0,200.0,0.0,250.0,0.0,1300.0,0.0,300.0,3,2,6000.0,3000.0,0.0,4000.0,200.0,3000.0,0.0,0.0,600.0,0.0,300.0,5,136
113,114,2,2015,27,12,1990,0,1,0,2008,3,10,0,2,0,0,14.38,1.0,0,2,1,6,6,4,1,0.0,0,0,0,1500.0,1000.0,0.0,0.0,200.0,200.0,100.0,500.0,0.0,0.0,1000.0,0.0,500.0,3,2,7209.52,0.0,0.0,5000.0,100.0,109.52,0.0,1000.0,0.0,0.0,1000.0,4,157
114,115,1,2015,17,6,1993,0,0,0,2010,3,5,0,4,0,0,15.67,1.0,0,7,0,2,2,3,1,0.0,0,0,0,1500.0,500.0,500.0,0.0,500.0,0.0,0.0,0.0,500.0,0.0,1000.0,500.0,0.0,4,4,5622.48,2000.0,0.0,4000.0,500.0,1000.0,0.0,0.0,600.0,500.0,1000.0,4,91
115,116,2,2014,13,12,1991,0,0,0,2008,3,10,0,2,0,2,13.92,0.1,0,2,1,5,2,8,5,125.0,29,0,0,1500.0,500.0,500.0,0.0,1000.0,50.0,0.0,0.0,400.0,150.0,200.0,0.0,50.0,5,3,8000.0,2000.0,0.0,9000.0,500.0,0.0,0.0,0.0,500.0,200.0,500.0,3,47
116,117,1,2015,30,6,1993,0,0,0,2009,3,5,0,4,0,0,13.5,1.0,0,5,0,11,2,18,5,1500.0,36,0,0,1500.0,1500.0,0.0,0.0,700.0,200.0,100.0,0.0,200.0,1500.0,300.0,0.0,0.0,5,3,5660.0,0.0,0.0,3860.0,300.0,0.0,0.0,0.0,0.0,0.0,0.0,4,164
117,118,2,2014,24,6,1991,0,0,0,2010,3,8,0,5,0,0,13.62,1.0,0,4,0,8,8,2,1,0.0,0,0,0,1500.0,500.0,500.0,0.0,1500.0,300.0,1000.0,0.0,600.0,0.0,3000.0,600.0,600.0,26,3,3000.0,2000.0,0.0,3000.0,0.0,3000.0,0.0,0.0,1000.0,3000.0,1000.0,4,126
118,119,2,2015,12,7,1994,0,0,1,2012,1,2,0,2,0,2,10.33,0.53,0,4,0,2,2,3,1,0.0,5,0,0,1500.0,3000.0,0.0,0.0,1500.0,680.0,2000.0,2000.0,1500.0,0.0,2000.0,0.0,750.0,3,4,6000.0,2000.0,300.0,4000.0,880.0,3500.0,4000.0,2500.0,700.0,300.0,1000.0,5,86
119,120,2,2014,18,8,1994,0,0,0,2011,1,5,0,3,0,0,14.42,1.0,0,6,0,2,2,3,3,3500.0,12,8,0,1500.0,1500.0,0.0,0.0,1200.0,180.0,0.0,0.0,1000.0,0.0,400.0,0.0,200.0,5,2,7265.0,5000.0,3500.0,5000.0,300.0,1500.0,0.0,0.0,300.0,0.0,200.0,5,107
120,121,2,2014,26,6,1994,0,0,1,2011,1,6,0,3,0,0,11.8,0.97,0,2,3,3,2,4,1,0.0,0,0,0,1500.0,3000.0,1000.0,0.0,3000.0,1200.0,0.0,0.0,2500.0,0.0,2800.0,1500.0,2000.0,5,3,8656.0,3500.0,0.0,5000.0,3000.0,0.0,0.0,800.0,300.0,150.0,2500.0,3,124
121,122,1,2015,23,7,1993,0,0,1,2010,1,7,0,2,0,0,13.56,0.98,6,2,0,2,2,3,1,0.0,0,0,0,1500.0,1000.0,0.0,0.0,550.0,200.0,0.0,0.0,0.0,0.0,1300.0,0.0,250.0,3,2,8500.0,0.0,0.0,2500.0,500.0,300.0,0.0,0.0,1000.0,1300.0,1500.0,5,135
122,123,2,2014,31,5,1993,0,0,0,2010,3,6,0,5,0,0,15.7,1.0,0,4,0,1,1,5,2,0.0,0,0,0,1500.0,800.0,0.0,200.0,2000.0,1500.0,1800.0,1000.0,1500.0,0.0,3000.0,1000.0,500.0,3,3,9570.0,4000.0,0.0,5000.0,2000.0,1800.0,1000.0,2000.0,500.0,2500.0,800.0,4,89
123,124,2,2014,14,12,1992,0,0,0,2013,1,4,0,2,1,2,11.7,0.51,24,5,0,21,2,0,3,1500.0,17,0,0,1500.0,2500.0,1500.0,0.0,1500.0,200.0,0.0,0.0,300.0,1500.0,1500.0,200.0,200.0,5,3,6747.0,2000.0,0.0,2300.0,0.0,2500.0,0.0,0.0,100.0,0.0,2000.0,5,6
124,125,2,2014,15,8,1994,0,0,0,2011,3,6,0,6,0,0,16.34,1.0,0,4,0,2,2,3,1,0.0,0,0,0,1500.0,1500.0,0.0,0.0,900.0,300.0,0.0,0.0,500.0,0.0,1300.0,0.0,0.0,3,2,6137.0,0.0,0.0,3000.0,1000.0,0.0,0.0,1100.0,1000.0,0.0,0.0,5,154
125,126,2,2014,27,8,1992,0,0,0,2012,3,5,0,5,0,0,15.42,0.95,0,7,0,6,6,22,1,0.0,40,0,0,1500.0,300.0,0.0,0.0,0.0,300.0,0.0,0.0,1000.0,0.0,300.0,0.0,200.0,3,4,5418.0,0.0,0.0,3500.0,300.0,0.0,0.0,0.0,1000.0,200.0,150.0,4,171
126,127,1,2015,15,2,1993,0,0,0,2011,1,6,0,5,0,0,13.69,0.9,0,4,0,6,6,3,1,0.0,0,0,0,1500.0,1500.0,0.0,0.0,1000.0,500.0,0.0,0.0,0.0,0.0,800.0,300.0,0.0,3,2,10000.0,0.0,0.0,3000.0,500.0,0.0,0.0,0.0,1000.0,2500.0,0.0,3,163
127,128,1,2015,30,10,1993,0,0,0,2011,3,2,0,3,2,0,13.5,0.82,0,5,0,2,2,3,1,0.0,0,9,0,1500.0,2000.0,0.0,0.0,1000.0,500.0,0.0,700.0,500.0,0.0,1500.0,0.0,0.0,3,4,8000.0,0.0,0.0,3000.0,500.0,2000.0,0.0,2000.0,500.0,0.0,500.0,4,1
128,129,2,2014,8,4,1994,0,0,0,2011,3,7,0,4,0,0,14.42,1.0,0,6,0,0,0,5,2,0.0,0,0,0,1500.0,400.0,0.0,0.0,0.0,250.0,0.0,0.0,600.0,0.0,500.0,200.0,0.0,3,4,7600.0,5600.0,0.0,10000.0,500.0,0.0,0.0,0.0,200.0,0.0,1100.0,5,37
129,130,2,2014,23,3,1993,0,0,0,2011,1,5,0,5,5,0,13.06,1.0,0,5,0,1,1,3,1,0.0,0,0,0,1500.0,1000.0,0.0,0.0,0.0,500.0,0.0,0.0,1000.0,0.0,700.0,0.0,300.0,3,3,8000.0,3000.0,180.0,7000.0,500.0,1500.0,0.0,0.0,310.0,400.0,1110.0,4,31
130,131,2,2014,26,5,1993,0,0,1,2010,1,6,0,3,0,0,12.24,0.84,0,2,0,2,2,15,2,0.0,0,0,3,1500.0,9000.0,0.0,1500.0,0.0,500.0,0.0,950.0,1000.0,0.0,700.0,0.0,0.0,3,4,9000.0,0.0,0.0,5000.0,2000.0,0.0,0.0,0.0,0.0,0.0,0.0,5,57
131,132,1,2014,22,1,1994,0,0,1,2012,1,5,0,4,0,0,12.0,0.95,0,3,0,2,2,7,6,0.0,0,0,0,1500.0,300.0,0.0,0.0,3000.0,300.0,0.0,0.0,300.0,0.0,500.0,0.0,300.0,5,1,2457.02,0.0,0.0,5000.0,300.0,0.0,0.0,0.0,500.0,0.0,500.0,5,153
132,133,2,2015,12,9,1994,0,0,0,2012,1,4,0,5,0,0,15.69,1.0,0,5,0,11,11,3,8,0.0,0,0,0,1500.0,500.0,200.0,0.0,2000.0,600.0,0.0,0.0,300.0,0.0,400.0,0.0,200.0,3,4,6000.0,0.0,0.0,4500.0,700.0,500.0,0.0,0.0,200.0,0.0,1500.0,5,65
133,134,2,2014,6,12,1994,0,0,0,2012,3,5,0,4,0,1,12.5,0.87,22,6,0,11,11,5,8,0.0,0,0,0,1500.0,1400.0,0.0,0.0,1500.0,200.0,0.0,0.0,500.0,0.0,700.0,0.0,0.0,5,6,16043.76,0.0,0.0,9000.0,2700.0,0.0,0.0,3000.0,1000.0,0.0,343.76,4,61
134,135,1,2015,18,2,1993,0,0,0,2011,2,5,4,4,0,1,13.16,0.8,20,5,0,22,5,4,1,0.0,41,0,0,1500.0,0.0,0.0,1500.0,500.0,500.0,600.0,400.0,200.0,300.0,200.0,100.0,100.0,0,1,2000.0,0.0,0.0,500.0,500.0,600.0,400.0,200.0,100.0,200.0,100.0,5,170
135,136,2,2014,1,12,1993,0,0,0,2012,3,5,2,5,0,0,14.32,0.92,0,6,0,23,2,23,3,5000.0,27,0,0,1500.0,4000.0,1500.0,0.0,1000.0,100.0,0.0,0.0,300.0,5000.0,600.0,0.0,0.0,5,5,6500.0,3000.0,2500.0,2000.0,200.0,450.0,0.0,150.0,350.0,0.0,300.0,4,159
136,137,1,2015,12,6,1991,0,0,1,2013,1,4,0,5,0,5,14.0,0.1,0,4,0,9,9,5,6,0.0,0,0,0,1500.0,300.0,100.0,200.0,1000.0,200.0,300.0,0.0,0.0,0.0,500.0,0.0,100.0,3,2,6000.0,0.0,0.0,3000.0,600.0,0.0,0.0,2000.0,0.0,0.0,0.0,4,119
137,138,1,2015,1,3,1993,0,0,0,2009,3,6,0,4,0,1,11.69,0.72,10,5,0,19,9,5,1,0.0,14,0,4,1500.0,3600.0,2800.0,2000.0,3000.0,500.0,1500.0,600.0,1500.0,0.0,2000.0,500.0,120.0,3,1,6747.0,10000.0,3000.0,8000.0,500.0,3000.0,600.0,0.0,600.0,1000.0,0.0,4,108
138,139,2,2014,11,4,1994,0,0,0,2012,3,5,0,4,1,0,11.86,0.79,0,6,0,1,1,5,2,0.0,0,0,0,1500.0,600.0,0.0,0.0,0.0,400.0,0.0,800.0,0.0,0.0,800.0,0.0,200.0,3,3,6852.08,0.0,0.0,4000.0,800.0,0.0,1400.0,0.0,250.0,0.0,600.0,4,96
139,140,2,2015,7,9,1993,0,0,1,2010,3,6,0,3,0,0,14.37,1.0,0,1,1,5,5,5,10,0.0,0,0,0,1500.0,500.0,500.0,0.0,500.0,150.0,500.0,500.0,500.0,0.0,500.0,0.0,0.0,3,5,7500.0,0.0,0.0,5000.0,1000.0,1000.0,0.0,0.0,0.0,0.0,500.0,5,10
140,141,1,2014,4,2,1995,0,0,1,2012,3,4,0,5,0,0,14.09,1.0,0,4,0,2,2,3,2,0.0,0,0,0,15000.0,2000.0,0.0,0.0,500.0,500.0,0.0,0.0,1000.0,0.0,600.0,1000.0,300.0,3,6,7721.56,3000.0,0.0,6000.0,1500.0,0.0,0.0,0.0,1000.0,0.0,1500.0,4,92
141,142,2,2014,28,2,1992,0,0,0,2010,1,4,0,3,1,1,12.78,0.48,5,3,0,19,6,3,2,0.0,0,0,0,1500.0,2000.0,0.0,0.0,0.0,2000.0,0.0,0.0,0.0,0.0,1500.0,0.0,0.0,3,2,7000.0,0.0,0.0,3000.0,4000.0,0.0,0.0,0.0,0.0,0.0,0.0,5,150
142,143,2,2015,18,2,1993,0,1,1,2010,3,7,0,2,0,0,14.54,0.97,0,2,0,6,6,24,2,0.0,0,0,0,1500.0,4000.0,500.0,2400.0,2800.0,500.0,500.0,0.0,1000.0,0.0,2000.0,1000.0,500.0,5,8,5563546.0,2000.0,532498.0,15500.0,2000.0,8780.0,2000.0,3000.0,5650.0,2250.45,9950.0,5,95
143,144,2,2015,25,5,1995,0,0,1,2014,1,3,0,5,0,0,14.91,1.0,0,5,0,6,6,5,8,0.0,0,0,0,1500.0,1000.0,0.0,0.0,600.0,400.0,0.0,0.0,300.0,0.0,700.0,0.0,500.0,5,4,25000.0,8000.0,1000.0,10000.0,1000.0,2500.0,800.0,3000.0,800.0,0.0,4900.0,4,12
144,145,2,2014,17,6,1993,0,0,1,2011,3,6,0,3,0,0,14.84,1.0,0,2,0,11,11,3,8,0.0,0,0,0,1500.0,1000.0,0.0,0.0,800.0,250.0,150.0,0.0,300.0,0.0,800.0,0.0,200.0,3,3,425140.0,0.0,0.0,1500.0,500.0,700.0,0.0,1000.0,300.0,0.0,250.0,5,166
145,146,1,2015,12,4,1993,0,0,0,2011,1,6,0,5,0,0,15.49,1.0,0,4,0,2,2,5,1,0.0,20,0,0,1500.0,4000.0,200.0,0.0,900.0,500.0,500.0,500.0,1000.0,0.0,2000.0,500.0,200.0,6,2,8773759.0,2000.0,0.0,5000.0,1000.0,0.0,500.0,2000.0,500.0,500.0,1000.0,5,26
146,147,2,2014,29,10,1992,0,0,1,2010,3,7,0,2,0,0,12.63,0.92,0,2,0,17,2,4,8,0.0,0,0,0,1500.0,2000.0,0.0,0.0,1500.0,1000.0,0.0,0.0,500.0,0.0,700.0,500.0,300.0,10,3,9680.0,0.0,0.0,4000.0,2000.0,3000.0,0.0,0.0,1000.0,0.0,2500.0,5,90
147,148,2,2014,19,7,1993,0,0,0,2011,1,7,0,4,0,0,14.8,1.0,0,4,0,5,5,3,8,0.0,0,0,0,1500.0,2000.0,0.0,0.0,1000.0,500.0,0.0,0.0,500.0,0.0,1500.0,0.0,0.0,3,2,15060.0,0.0,0.0,8000.0,800.0,1500.0,0.0,0.0,1000.0,0.0,3000.0,4,17
148,149,2,2015,4,9,1992,0,0,1,2010,1,7,0,2,0,0,12.13,0.82,0,2,0,0,0,3,2,0.0,0,0,0,1500.0,1000.0,0.0,0.0,1000.0,1000.0,800.0,1000.0,800.0,0.0,1000.0,0.0,160.0,3,4,6200.0,1500.0,0.0,36000.0,1000.0,800.0,1000.0,0.0,200.0,0.0,300.0,5,169
149,150,2,2015,21,3,1993,0,0,1,2014,3,3,0,5,0,0,15.56,1.0,0,5,0,0,0,3,2,0.0,0,0,0,1500.0,1000.0,0.0,0.0,300.0,400.0,0.0,0.0,800.0,0.0,800.0,0.0,200.0,3,4,8000.0,0.0,0.0,3000.0,500.0,1000.0,0.0,2500.0,500.0,0.0,500.0,5,29
150,151,2,2014,7,12,1993,0,1,0,2011,3,5,0,4,0,0,15.18,1.0,0,7,0,24,2,8,1,3000.0,1,0,0,1500.0,3500.0,0.0,0.0,1500.0,250.0,0.0,0.0,0.0,3000.0,250.0,0.0,0.0,3,2,15000.0,0.0,0.0,8000.0,1000.0,2000.0,0.0,2000.0,1000.0,0.0,1000.0,4,183
151,152,2,2014,21,4,1994,0,0,1,2011,1,7,0,1,0,0,15.62,1.0,0,2,0,2,2,3,2,0.0,0,0,0,1500.0,500.0,0.0,0.0,400.0,150.0,0.0,0.0,600.0,0.0,300.0,400.0,150.0,3,2,9600.0,0.0,0.0,5000.0,500.0,1000.0,0.0,1800.0,100.0,0.0,1200.0,1,74
152,153,2,2014,4,2,1994,0,0,0,2011,3,7,0,5,0,0,16.46,1.0,0,5,0,25,2,2,1,0.0,0,0,0,1500.0,2000.0,500.0,0.0,1000.0,300.0,0.0,0.0,500.0,0.0,1200.0,600.0,200.0,5,5,10500.0,2000.0,0.0,7000.0,600.0,1500.0,0.0,0.0,800.0,0.0,800.0,5,0
153,154,1,2015,20,2,1994,0,1,0,2011,1,5,0,4,0,0,15.1,1.0,0,7,0,1,1,25,0,0.0,0,0,0,1500.0,1300.0,0.0,0.0,600.0,1000.0,0.0,0.0,200.0,0.0,1000.0,0.0,0.0,3,5,22600.0,0.0,153.0,8000.0,2000.0,3500.0,1000.0,975.0,500.0,100.0,500.0,4,60
154,155,1,2015,23,6,1994,0,0,1,2012,1,5,0,4,0,0,15.46,1.0,0,3,0,2,2,3,1,0.0,0,0,0,1500.0,500.0,0.0,0.0,500.0,150.0,0.0,0.0,150.0,0.0,1200.0,0.0,0.0,3,3,19400.0,0.0,3000.0,4400.0,500.0,0.0,0.0,10000.0,1000.0,0.0,500.0,5,85
155,156,1,2015,7,4,1994,0,0,1,2012,3,5,0,4,0,0,14.63,1.0,0,3,0,2,2,3,2,0.0,0,0,0,1500.0,1000.0,0.0,0.0,400.0,500.0,0.0,0.0,0.0,0.0,1600.0,0.0,0.0,3,3,5247.0,5622.0,0.0,7400.0,1000.0,1000.0,0.0,469.0,300.0,0.0,700.0,5,127
156,157,2,2015,9,5,1993,0,0,1,2010,1,7,0,2,0,0,12.0,0.98,0,2,0,0,0,2,1,0.0,0,0,0,1500.0,1000.0,0.0,0.0,0.0,400.0,0.0,0.0,800.0,0.0,800.0,500.0,0.0,4,4,5300.0,0.0,800.0,3000.0,400.0,0.0,0.0,0.0,600.0,500.0,0.0,4,19
157,158,2,2014,14,12,1993,0,0,0,2012,3,6,0,5,0,0,16.58,1.0,0,4,0,6,6,3,1,0.0,0,0,0,1500.0,500.0,0.0,300.0,450.0,200.0,200.0,0.0,500.0,0.0,600.0,300.0,50.0,3,1,8000.0,1000.0,0.0,3500.0,1000.0,1200.0,1000.0,0.0,200.0,700.0,400.0,5,54
158,159,2,2015,17,11,1993,0,0,1,2012,1,5,0,4,0,0,15.73,1.0,0,3,0,2,2,5,2,0.0,0,0,0,1500.0,1200.0,0.0,0.0,1500.0,250.0,100.0,0.0,400.0,0.0,350.0,100.0,0.0,3,2,5175.0,4000.0,0.0,3800.0,1400.0,1000.0,0.0,600.0,700.0,0.0,400.0,4,55
159,160,1,2015,24,5,1994,0,0,0,2011,3,5,0,5,0,0,16.53,1.0,0,6,0,1,1,4,1,0.0,0,0,0,1500.0,2000.0,0.0,0.0,850.0,1400.0,400.0,0.0,0.0,0.0,600.0,0.0,250.0,3,3,10000.0,0.0,680.0,3000.0,3200.0,1400.0,720.0,0.0,300.0,400.0,300.0,5,186
160,161,2,2014,18,9,1995,0,0,0,2013,3,4,0,5,0,0,15.67,1.0,0,5,0,0,0,26,1,0.0,28,0,0,1500.0,1000.0,1000.0,0.0,2000.0,500.0,0.0,0.0,300.0,0.0,300.0,0.0,0.0,3,2,9443.0,4400.0,0.0,4000.0,1000.0,5000.0,0.0,0.0,0.0,600.0,0.0,4,33
161,162,2,2014,8,11,1995,0,0,1,2012,3,5,0,4,0,0,14.38,1.0,0,3,0,2,2,5,1,0.0,0,0,0,1500.0,400.0,0.0,0.0,0.0,800.0,0.0,0.0,400.0,0.0,600.0,0.0,0.0,5,4,13143.0,0.0,0.0,5000.0,1600.0,0.0,0.0,0.0,1000.0,1800.0,3743.0,4,20
162,163,1,2015,9,2,1994,0,0,0,2011,3,6,0,4,0,1,13.08,0.88,18,5,0,12,0,2,1,0.0,0,0,0,1500.0,0.0,2000.0,400.0,800.0,72.0,0.0,700.0,500.0,0.0,1000.0,300.0,200.0,4,3,5622.0,2000.0,121.0,7000.0,100.0,300.0,0.0,0.0,547.0,0.0,0.0,5,16
163,164,1,2015,1,11,1995,0,0,0,2013,3,4,0,5,0,0,13.21,1.0,0,6,0,13,0,27,3,5000.0,8,0,0,1500.0,7000.0,0.0,0.0,1000.0,150.0,0.0,0.0,0.0,5000.0,500.0,350.0,0.0,3,4,7381.0,0.0,0.0,3000.0,0.0,0.0,0.0,0.0,0.0,0.0,4000.0,5,109
164,165,2,2015,27,10,1995,0,0,1,2014,3,3,0,5,0,0,13.8,1.0,0,5,2,2,2,5,1,0.0,0,0,0,1500.0,1000.0,500.0,0.0,0.0,500.0,0.0,0.0,0.0,0.0,2000.0,0.0,500.0,6,3,8400.0,5000.0,2000.0,4000.0,1000.0,4000.0,0.0,1300.0,700.0,800.0,0.0,5,94
165,166,1,2014,25,9,1994,0,0,0,2012,1,4,0,6,0,0,15.27,1.0,0,6,0,4,4,3,0,0.0,0,0,0,1500.0,1000.0,0.0,0.0,0.0,400.0,0.0,800.0,1000.0,0.0,300.0,300.0,200.0,3,2,9828.0,0.0,0.0,6000.0,1000.0,0.0,1000.0,0.0,1200.0,0.0,900.0,5,36
166,167,2,2015,1,6,1994,0,0,1,2011,1,7,0,2,0,0,12.81,1.0,0,2,0,2,2,5,1,0.0,0,0,0,1500.0,0.0,0.0,0.0,800.0,300.0,150.0,0.0,800.0,0.0,600.0,0.0,200.0,6,1,11200.0,0.0,200.0,6000.0,500.0,4000.0,1500.0,0.0,1000.0,400.0,600.0,5,106
167,168,1,2015,20,5,1994,0,0,0,2012,3,4,0,5,0,0,15.92,1.0,0,5,0,1,1,5,1,0.0,0,0,0,1500.0,4000.0,0.0,0.0,0.0,2200.0,900.0,0.0,800.0,0.0,1600.0,0.0,0.0,5,3,5622.0,5100.0,0.0,4500.0,500.0,4000.0,0.0,1030.0,292.0,400.0,0.0,5,72
168,169,2,2015,14,12,1994,0,0,1,2013,1,2,0,1,1,1,10.9,0.81,31,3,1,2,2,3,2,0.0,0,0,0,1500.0,1500.0,0.0,0.0,300.0,300.0,1000.0,0.0,0.0,0.0,1000.0,0.0,170.0,3,3,13700.0,0.0,0.0,7000.0,1000.0,2000.0,0.0,1500.0,1000.0,0.0,200.0,5,56
169,170,2,2015,9,1,1994,0,0,1,2011,1,5,0,2,0,1,13.49,0.91,28,1,0,2,2,5,1,0.0,0,0,0,1500.0,2000.0,0.0,0.0,1400.0,600.0,0.0,0.0,0.0,0.0,900.0,300.0,300.0,3,3,10000.0,4000.0,0.0,9000.0,2000.0,0.0,0.0,0.0,2000.0,1000.0,0.0,4,5
170,171,2,2015,3,8,1994,0,0,1,2011,1,7,0,2,0,0,13.46,1.0,0,2,0,2,2,28,1,0.0,0,0,0,1500.0,1000.0,0.0,0.0,1000.0,600.0,200.0,400.0,300.0,0.0,100.0,100.0,100.0,3,4,13312.0,0.0,0.0,8500.0,1200.0,1000.0,1000.0,0.0,600.0,400.0,2000.0,5,50
171,172,1,2015,21,9,1994,0,0,1,2011,1,3,0,3,0,0,11.76,0.83,0,5,2,2,2,2,2,0.0,0,0,0,1500.0,500.0,500.0,800.0,1000.0,544.0,900.0,0.0,500.0,0.0,2000.0,900.0,2160.0,4,5,14810.0,9000.0,0.0,10600.0,1124.0,6700.0,0.0,200.0,1690.0,0.0,1431.0,5,131
172,173,1,2015,15,8,1996,0,0,0,2013,1,3,0,1,0,4,12.7,0.56,25,4,0,2,2,5,1,0.0,0,0,0,1500.0,400.0,0.0,0.0,0.0,400.0,0.0,300.0,400.0,0.0,400.0,0.0,300.0,3,3,8866.27,0.0,0.0,3000.0,1000.0,900.0,1000.0,1000.0,1000.0,500.0,370.0,3,178
173,174,1,2015,21,10,1995,0,0,0,2014,1,2,0,4,0,0,13.46,0.89,0,6,0,2,2,5,2,0.0,0,0,0,1500.0,2500.0,0.0,0.0,1500.0,500.0,600.0,0.0,1000.0,0.0,1000.0,600.0,300.0,3,4,13414.0,6000.0,200.0,12000.0,2000.0,1500.0,0.0,1500.0,800.0,0.0,2500.0,4,165
174,175,1,2015,14,9,1995,0,0,1,2013,1,3,0,5,0,0,13.33,1.0,0,4,3,0,0,3,2,0.0,0,0,0,1500.0,2000.0,0.0,0.0,0.0,800.0,0.0,0.0,0.0,0.0,1000.0,1000.0,0.0,3,1,6800.0,3000.0,0.0,4000.0,1300.0,1500.0,0.0,0.0,500.0,0.0,0.0,5,80
175,176,1,2015,16,9,1996,0,0,0,2013,1,1,0,2,0,3,12.7,0.36,33,3,0,11,11,5,2,0.0,0,10,0,1500.0,1000.0,0.0,0.0,2000.0,500.0,0.0,0.0,0.0,0.0,1500.0,0.0,0.0,5,4,5909.3,2000.0,0.0,3000.0,1000.0,2000.0,0.0,1000.0,500.0,0.0,500.0,4,156
176,177,2,2014,11,10,1996,0,1,0,2014,3,2,0,5,0,0,16.6,1.0,0,5,0,24,0,29,3,6500.0,30,0,0,1500.0,4000.0,4000.0,0.0,3000.0,400.0,2000.0,1200.0,1300.0,6500.0,2070.0,400.0,760.0,5,2,12054.5,10000.0,1700.0,4500.0,300.0,2000.0,0.0,0.0,700.0,250.0,1800.0,5,112
177,178,2,2014,17,6,1996,0,0,1,2014,2,2,0,2,0,3,12.35,0.53,1,5,0,4,4,5,1,0.0,0,0,0,1500.0,1000.0,0.0,0.0,1000.0,80.0,0.0,0.0,420.0,0.0,1000.0,0.0,0.0,6,1,13500.0,17879.0,2000.0,10000.0,800.0,700.0,0.0,0.0,1512.0,3500.0,0.0,3,110
178,179,1,2015,24,10,1996,0,1,0,2014,2,3,0,4,0,0,13.94,0.1,0,4,0,2,2,3,1,0.0,2,0,0,1500.0,1200.0,500.0,0.0,400.0,500.0,300.0,1200.0,1000.0,0.0,2000.0,450.0,250.0,3,4,8138.0,0.0,0.0,7000.0,1200.0,2190.0,1500.0,4000.0,300.0,200.0,0.0,5,144
179,180,2,2015,3,3,1996,0,0,1,2014,1,3,0,5,0,1,15.03,0.15,11,5,2,1,1,30,9,0.0,0,11,0,1500.0,500.0,300.0,0.0,500.0,1000.0,1000.0,2500.0,1000.0,0.0,3000.0,1000.0,1000.0,3,3,5600.0,2000.0,2000.0,5000.0,3000.0,1500.0,2500.0,0.0,2000.0,0.0,2000.0,5,143
180,181,2,2014,3,3,1995,0,0,0,2012,3,4,0,5,1,0,15.0,1.0,0,5,0,12,2,0,5,5000.0,19,0,0,2000.0,6500.0,0.0,0.0,1800.0,500.0,0.0,0.0,400.0,5000.0,600.0,0.0,200.0,5,5,19266.0,0.0,0.0,8500.0,400.0,1000.0,0.0,0.0,1000.0,0.0,1500.0,4,67
181,182,1,2015,20,3,1996,0,0,0,2014,3,3,0,4,0,0,14.75,1.0,0,5,0,2,2,5,0,0.0,0,0,0,1500.0,2000.0,0.0,0.0,1500.0,300.0,0.0,0.0,600.0,0.0,150.0,0.0,100.0,5,4,13871.0,5622.0,0.0,16000.0,1000.0,0.0,0.0,0.0,1000.0,0.0,6000.0,5,32
182,183,2,2014,3,7,1995,0,0,0,2012,1,4,0,6,0,0,14.58,0.1,0,6,0,2,2,3,1,0.0,0,0,0,1500.0,600.0,0.0,0.0,1000.0,100.0,500.0,0.0,600.0,0.0,500.0,0.0,0.0,5,3,8100.0,0.0,0.0,12000.0,500.0,2000.0,0.0,0.0,500.0,450.0,400.0,5,134
183,184,1,2015,12,5,1995,0,0,1,2013,3,4,0,5,0,0,13.41,1.0,34,4,0,24,0,31,1,3500.0,44,0,0,1500.0,1500.0,0.0,0.0,500.0,200.0,500.0,0.0,500.0,3000.0,1000.0,0.0,80.0,3,1,5650.0,0.0,1000.0,500.0,200.0,2000.0,0.0,0.0,0.0,0.0,100.0,4,167
184,185,2,2015,19,11,1996,0,0,1,2014,1,2,0,5,0,0,14.12,1.0,0,5,0,2,2,4,1,0.0,0,12,0,1500.0,1000.0,0.0,0.0,1000.0,800.0,1000.0,0.0,1500.0,0.0,2000.0,200.0,200.0,26,4,15000.0,1200.0,0.0,12000.0,1000.0,3000.0,0.0,2500.0,2000.0,2000.0,2100.0,3,176
185,186,2,2015,30,3,1995,0,0,1,2012,3,5,0,4,0,0,14.6,1.0,0,3,0,2,2,5,2,0.0,0,0,0,1500.0,1300.0,0.0,0.0,1600.0,300.0,100.0,0.0,350.0,0.0,350.0,100.0,0.0,3,3,6537.0,3400.0,0.0,6000.0,1100.0,450.0,0.0,0.0,400.0,200.0,487.0,4,28
186,187,2,2014,29,8,1996,0,0,1,2014,3,3,1,5,0,0,15.0,1.0,0,5,0,5,5,3,2,0.0,0,0,0,1500.0,0.0,2000.0,0.0,0.0,1320.0,0.0,0.0,300.0,0.0,300.0,0.0,250.0,3,1,0.0,3000.0,0.0,2500.0,200.0,0.0,0.0,0.0,300.0,0.0,0.0,5,53
187,188,2,2015,2,8,1996,0,0,0,2014,3,2,0,3,0,2,11.4,0.38,15,4,0,23,4,18,3,5000.0,37,0,0,1500.0,3000.0,5000.0,0.0,1000.0,500.0,1000.0,500.0,0.0,5000.0,1500.0,0.0,0.0,3,3,787344.0,0.0,0.0,2000.0,1000.0,2500.0,0.0,600.0,650.0,0.0,1000.0,3,1
188,189,2,2014,19,10,1994,0,0,0,2012,3,6,0,7,0,0,14.31,0.97,0,4,0,2,2,3,2,0.0,0,0,0,1500.0,1000.0,0.0,0.0,500.0,600.0,0.0,0.0,500.0,0.0,500.0,200.0,200.0,3,3,6126.0,0.0,0.0,3000.0,1200.0,1000.0,0.0,0.0,500.0,0.0,400.0,5,140
189,190,2,2014,7,1,1991,0,1,0,2012,1,5,0,4,0,0,16.45,1.0,0,7,0,6,6,5,0,0.0,0,0,0,1500.0,2000.0,200.0,0.0,1500.0,2300.0,0.0,0.0,0.0,0.0,700.0,110.0,200.0,3,4,14000.0,6000.0,0.0,10000.0,3000.0,3000.0,0.0,500.0,2000.0,300.0,800.0,5,52
